P3_DS_Arm_Mag_L,P4_DS_Arm_W,P6_DS_Arm_Th,P9_DS_Mag_H,P11_DS_Mag_W,P18_DS_Core_Gap,P19_DS_Core_R,P22_DS_Bobbin_Th,P23_DS_Coil_Th,P273_Arm_L,P69_DS_No_Turns,P60_DS_Core_Len,P61_DS_Wire_dia_mm,P62_DS_N_Len,P63_DS_N_Th,P66_DS_Capacitance,P67_DS_VCap,P190_Time_Ipeak,P191_Vcap_max,P192_Vcap_min,P193_E_per_Farad,P194_Time_1mm,P195_Time_Parting,P350_Time_1mm_Final,P351_Time_Parting_Final
6,15,1.85,3.9,3.1,1.55,1.9,0.4,1.897366596,5.85,65,6.4,0.36,14,5,0.665,69,185,0.001818412,0.001819467,0.001819467,310.735457,92.67307831,380.6509348,100.0869246
7.152528346,12.88132086,1.70169246,3.094901928,2.294901928,1.55,1.772879252,0.4,1.38568287,7.002528346,50.16924605,6.4,0.328643549,16,4,0.806951502,77.89845237,140,0.001373064,0.001373089,0.001373089,285.9621018,74.73923061,350.3035747,80.71836906
7.152528346,12.88132086,1.70169246,3.094901928,2.294901928,1.55,2.027120748,0.4,1.650103684,7.002528346,50.16924605,6.4,0.391356451,13,4,0.523048498,77.89845237,145,0.001616379,0.00161689,0.00161689,282.4943071,72.75902621,346.0555262,78.5797483
7.152528346,12.88132086,1.70169246,3.094901928,3.905098072,1.55,2.027120748,0.4,1.38568287,7.002528346,50.16924605,6.4,0.328643549,16,4,0.523048498,77.89845237,155,0.001519506,0.001519945,0.001519945,264.4758661,86.89302169,323.9829359,93.84446343
7.152528346,12.88132086,1.70169246,3.094901928,3.905098072,1.55,1.772879252,0.4,1.732103587,7.002528346,79.83075395,6.4,0.328643549,16,5,0.806951502,60.10154763,250,0.002248283,0.00224846,0.00224846,305.3537067,117.738199,374.0582907,127.157255
7.152528346,12.88132086,1.70169246,3.094901928,3.905098072,1.55,1.772879252,0.4,1.650103684,7.002528346,50.16924605,6.4,0.391356451,13,4,0.806951502,77.89845237,145,0.001482902,0.001482988,0.001482988,258.7773341,82.64482072,317.0022343,89.25640638
7.152528346,12.88132086,1.70169246,4.705098072,2.294901928,1.55,1.772879252,0.4,1.38568287,7.002528346,50.16924605,6.4,0.328643549,16,4,0.523048498,77.89845237,135,0.001358041,0.001358684,0.001358684,278.2948128,75.15385412,340.9111457,81.16616245
7.152528346,12.88132086,1.70169246,4.705098072,2.294901928,1.55,2.027120748,0.4,1.732103587,7.002528346,79.83075395,6.4,0.328643549,16,5,0.806951502,60.10154763,270,0.002496316,0.002497285,0.002497285,309.4162444,97.28357964,379.0348994,105.066266
7.152528346,12.88132086,1.70169246,4.705098072,2.294901928,1.55,2.027120748,0.4,1.650103684,7.002528346,50.16924605,6.4,0.391356451,13,4,0.806951502,77.89845237,155,0.001649981,0.001650649,0.001650649,273.5989723,72.91798114,335.158741,78.75141963
7.152528346,12.88132086,1.70169246,4.705098072,3.905098072,1.55,1.772879252,0.4,1.732103587,7.002528346,79.83075395,6.4,0.328643549,16,5,0.523048498,60.10154763,235,0.002214848,0.002214793,0.002214793,298.8880667,119.2230377,366.1378817,128.7608807
7.152528346,12.88132086,1.70169246,4.705098072,3.905098072,1.55,2.027120748,0.4,1.38568287,7.002528346,50.16924605,6.4,0.328643549,16,4,0.806951502,77.89845237,165,0.001538158,0.001538865,0.001538865,269.4046893,91.48443401,330.0207444,98.80318873
7.152528346,12.88132086,1.70169246,4.705098072,3.905098072,1.55,1.772879252,0.4,1.650103684,7.002528346,50.16924605,6.4,0.391356451,13,4,0.523048498,77.89845237,140,0.001451109,0.00145122,0.00145122,264.0480864,86.76747772,323.4589059,93.70887594
7.152528346,12.88132086,1.99830754,3.094901928,2.294901928,1.55,1.772879252,0.4,1.732103587,7.002528346,79.83075395,6.4,0.328643549,16,5,0.523048498,77.89845237,210,0.002556918,0.002556942,0.002556942,307.7376133,91.17093597,376.9785763,98.46461085
7.152528346,12.88132086,1.99830754,3.094901928,2.294901928,1.55,2.027120748,0.4,1.38568287,7.002528346,50.16924605,6.4,0.328643549,16,4,0.806951502,60.10154763,205,0.001445872,0.001446232,0.001446232,303.9961447,89.78036669,372.3952772,96.96279603
7.152528346,12.88132086,1.99830754,3.094901928,2.294901928,1.55,1.772879252,0.4,1.650103684,7.002528346,50.16924605,6.4,0.391356451,13,4,0.523048498,60.10154763,160,0.001339608,0.001339852,0.001339852,299.1230431,86.74372016,366.4257279,93.68321778
7.152528346,12.88132086,1.99830754,3.094901928,3.905098072,1.55,1.772879252,0.4,1.38568287,7.002528346,50.16924605,6.4,0.328643549,16,4,0.523048498,60.10154763,185,0.001245912,0.001245918,0.001245918,307.91509,113.7213583,377.1959853,122.819067
7.152528346,12.88132086,1.99830754,3.094901928,3.905098072,1.55,2.027120748,0.4,1.732103587,7.002528346,79.83075395,6.4,0.328643549,16,5,0.806951502,77.89845237,245,0.002883004,0.002883737,0.002883737,285.0130559,107.0407899,349.1409935,115.6040531
7.152528346,12.88132086,1.99830754,3.094901928,3.905098072,1.55,2.027120748,0.4,1.650103684,7.002528346,50.16924605,6.4,0.391356451,13,4,0.806951502,60.10154763,205,0.001522029,0.00152229,0.00152229,295.1339837,107.5419784,361.53913,116.1453367
7.152528346,12.88132086,1.99830754,4.705098072,2.294901928,1.55,2.027120748,0.4,1.38568287,7.002528346,50.16924605,6.4,0.328643549,16,4,0.523048498,60.10154763,200,0.001416746,0.001416575,0.001416575,310.198568,93.91785668,379.9932458,101.4312852
7.152528346,12.88132086,1.99830754,4.705098072,2.294901928,1.55,1.772879252,0.4,1.732103587,7.002528346,79.83075395,6.4,0.328643549,16,5,0.806951502,77.89845237,225,0.002613637,0.002613489,0.002613489,297.5225611,91.63285857,364.4651374,98.96348726
7.152528346,12.88132086,1.99830754,4.705098072,2.294901928,1.55,1.772879252,0.4,1.650103684,7.002528346,50.16924605,6.4,0.391356451,13,4,0.806951502,60.10154763,175,0.001358866,0.001358771,0.001358771,303.5531699,90.15814937,371.8526332,97.37080132
7.152528346,12.88132086,1.99830754,4.705098072,3.905098072,1.55,2.027120748,0.4,1.732103587,7.002528346,79.83075395,6.4,0.328643549,16,5,0.523048498,77.89845237,235,0.002819762,0.002820088,0.002820088,291.2582242,112.7173544,356.7913247,121.7347427
7.152528346,12.88132086,1.99830754,4.705098072,3.905098072,1.55,1.772879252,0.4,1.38568287,7.002528346,50.16924605,6.4,0.328643549,16,4,0.806951502,60.10154763,190,0.001274728,0.001275042,0.001275042,298.2726193,114.3826086,365.3839587,123.5332172
7.152528346,12.88132086,1.99830754,4.705098072,3.905098072,1.55,2.027120748,0.4,1.650103684,7.002528346,50.16924605,6.4,0.391356451,13,4,0.523048498,60.10154763,195,0.001496977,0.001496919,0.001496919,287.2679689,108.920852,351.9032619,117.6345202
7.152528346,17.11867914,1.70169246,3.094901928,2.294901928,1.55,1.772879252,0.4,1.732103587,7.002528346,79.83075395,6.4,0.328643549,16,5,0.523048498,77.89845237,205,0.002517149,0.002517067,0.002517067,367.0054191,94.43627151,449.5816384,101.9911732
7.152528346,17.11867914,1.70169246,3.094901928,2.294901928,1.55,2.027120748,0.4,1.38568287,7.002528346,50.16924605,6.4,0.328643549,16,4,0.806951502,60.10154763,195,0.001410387,0.001410479,0.001410479,377.155326,95.38284617,462.0152744,103.0134739
7.152528346,17.11867914,1.70169246,3.094901928,2.294901928,1.55,1.772879252,0.4,1.650103684,7.002528346,50.16924605,6.4,0.391356451,13,4,0.523048498,60.10154763,155,0.001310172,0.001310195,0.001310195,373.4350602,92.96950114,457.4579488,100.4070612
7.152528346,17.11867914,1.70169246,3.094901928,3.905098072,1.55,1.772879252,0.4,1.38568287,7.002528346,50.16924605,6.4,0.328643549,16,4,0.523048498,60.10154763,165,0.001232408,0.001232335,0.001232335,349.729804,109.9417951,428.4190099,118.7371387
7.152528346,17.11867914,1.70169246,3.094901928,3.905098072,1.55,2.027120748,0.4,1.732103587,7.002528346,79.83075395,6.4,0.328643549,16,5,0.806951502,77.89845237,240,0.002825293,0.002826217,0.002826217,345.8679177,109.9927671,423.6881992,118.7921885
7.152528346,17.11867914,1.70169246,3.094901928,3.905098072,1.55,2.027120748,0.4,1.650103684,7.002528346,50.16924605,6.4,0.391356451,13,4,0.806951502,60.10154763,190,0.001497761,0.001498134,0.001498134,339.5257096,105.4120926,415.9189942,113.8450601
7.152528346,17.11867914,1.70169246,4.705098072,2.294901928,1.55,2.027120748,0.4,1.38568287,7.002528346,50.16924605,6.4,0.328643549,16,4,0.523048498,60.10154763,185,0.00139375,0.00139373,0.00139373,368.0228321,95.55088623,450.8279693,103.1949571
7.152528346,17.11867914,1.70169246,4.705098072,2.294901928,1.55,1.772879252,0.4,1.732103587,7.002528346,79.83075395,6.4,0.328643549,16,5,0.806951502,77.89845237,220,0.00256308,0.002562809,0.002562809,371.0829484,97.4556777,454.5766118,105.2521319
7.152528346,17.11867914,1.70169246,4.705098072,2.294901928,1.55,1.772879252,0.4,1.650103684,7.002528346,50.16924605,6.4,0.391356451,13,4,0.806951502,60.10154763,160,0.001337101,0.001337164,0.001337164,363.5381042,92.9291599,445.3341776,100.3634927
7.152528346,17.11867914,1.70169246,4.705098072,3.905098072,1.55,2.027120748,0.4,1.732103587,7.002528346,79.83075395,6.4,0.328643549,16,5,0.523048498,77.89845237,225,0.002787077,0.00278728,0.00278728,336.5127741,110.3885291,412.2281483,119.2196115
7.152528346,17.11867914,1.70169246,4.705098072,3.905098072,1.55,1.772879252,0.4,1.38568287,7.002528346,50.16924605,6.4,0.328643549,16,4,0.806951502,60.10154763,175,0.001246772,0.001247177,0.001247177,356.9867995,116.2081268,437.3088293,125.5047769
7.152528346,17.11867914,1.70169246,4.705098072,3.905098072,1.55,2.027120748,0.4,1.650103684,7.002528346,50.16924605,6.4,0.391356451,13,4,0.523048498,60.10154763,185,0.001466464,0.001466399,0.001466399,346.5580735,111.2839016,424.53364,120.1866137
7.152528346,17.11867914,1.99830754,3.094901928,2.294901928,1.55,2.027120748,0.4,1.732103587,7.002528346,79.83075395,6.4,0.328643549,16,5,0.523048498,60.10154763,265,0.002547068,0.002547793,0.002547793,408.1669003,116.8074177,500.0044528,126.1520111
7.152528346,17.11867914,1.99830754,3.094901928,2.294901928,1.55,1.772879252,0.4,1.38568287,7.002528346,50.16924605,6.4,0.328643549,16,4,0.806951502,77.89845237,150,0.001425728,0.001425558,0.001425558,374.4752568,93.93655121,458.7321896,101.4514753
7.152528346,17.11867914,1.99830754,3.094901928,2.294901928,1.55,2.027120748,0.4,1.650103684,7.002528346,50.16924605,6.4,0.391356451,13,4,0.523048498,77.89845237,155,0.001680254,0.0016803,0.0016803,370.2431821,91.80785875,453.5478981,99.15248745
7.152528346,17.11867914,1.99830754,3.094901928,3.905098072,1.55,2.027120748,0.4,1.38568287,7.002528346,50.16924605,6.4,0.328643549,16,4,0.523048498,77.89845237,165,0.001567129,0.001567258,0.001567258,353.1266934,109.1138179,432.5801994,117.8429234
7.152528346,17.11867914,1.99830754,3.094901928,3.905098072,1.55,1.772879252,0.4,1.732103587,7.002528346,79.83075395,6.4,0.328643549,16,5,0.806951502,60.10154763,265,0.002335502,0.002335516,0.002335516,379.012323,135.9883511,464.2900957,146.8674192
7.152528346,17.11867914,1.99830754,3.094901928,3.905098072,1.55,1.772879252,0.4,1.650103684,7.002528346,50.16924605,6.4,0.391356451,13,4,0.806951502,77.89845237,155,0.001528434,0.001528289,0.001528289,346.5909699,104.1845463,424.5739382,112.51931
7.152528346,17.11867914,1.99830754,4.705098072,2.294901928,1.55,1.772879252,0.4,1.38568287,7.002528346,50.16924605,6.4,0.328643549,16,4,0.523048498,77.89845237,145,0.001401911,0.001402379,0.001402379,379.193373,97.00223137,464.5118819,104.7624099
7.152528346,17.11867914,1.99830754,4.705098072,2.294901928,1.55,2.027120748,0.4,1.732103587,7.002528346,79.83075395,6.4,0.328643549,16,5,0.806951502,60.10154763,280,0.002604086,0.002604126,0.002604126,396.9846019,117.0182024,486.3061373,126.3796585
7.152528346,17.11867914,1.99830754,4.705098072,2.294901928,1.55,2.027120748,0.4,1.650103684,7.002528346,50.16924605,6.4,0.391356451,13,4,0.806951502,77.89845237,165,0.001708918,0.001708874,0.001708874,374.0993382,94.65787709,458.2716893,102.2305073
7.152528346,17.11867914,1.99830754,4.705098072,3.905098072,1.55,1.772879252,0.4,1.732103587,7.002528346,79.83075395,6.4,0.328643549,16,5,0.523048498,60.10154763,255,0.00228417,0.002284167,0.002284167,388.4010571,144.790794,475.791295,156.3740575
7.152528346,17.11867914,1.99830754,4.705098072,3.905098072,1.55,2.027120748,0.4,1.38568287,7.002528346,50.16924605,6.4,0.328643549,16,4,0.806951502,77.89845237,175,0.001599672,0.001599573,0.001599573,341.7818499,110.1228679,418.6827661,118.9326973
7.152528346,17.11867914,1.99830754,4.705098072,3.905098072,1.55,1.772879252,0.4,1.650103684,7.002528346,50.16924605,6.4,0.391356451,13,4,0.523048498,77.89845237,145,0.001505521,0.00150547,0.00150547,336.5156203,105.0830038,412.2316348,113.4896441
8,10,1.85,3.9,3.1,1.55,1.9,0.4,1.897366596,7.85,65,6.4,0.36,14,5,0.665,69,195,0.002112662,0.002112467,0.002112467,245.6234516,85.10875219,300.8887282,91.91745237
8,15,1.5,3.9,3.1,1.55,1.9,0.4,1.897366596,7.85,65,6.4,0.36,14,5,0.665,69,195,0.002063922,0.002064071,0.002064071,310.4984659,96.1522195,380.3606208,103.8443971
8,15,1.85,2,3.1,1.55,1.9,0.4,1.897366596,7.85,65,6.4,0.36,14,5,0.665,69,210,0.002137213,0.002137059,0.002137059,334.7001647,104.4393599,410.0077018,112.7945087
8,15,1.85,3.9,1.2,1.55,1.9,0.4,1.897366596,7.85,65,6.4,0.36,14,5,0.665,69,190,0.002140917,0.002140792,0.002140792,367.378079,69.95536304,450.0381468,75.55179208
8,15,1.85,3.9,3.1,1.55,1.9,0.4,1.205881881,7.85,65,6.4,0.286,18,4,0.665,69,215,0.002002971,0.002002583,0.002002583,337.3987149,115.0555304,413.3134258,124.2599728
8,15,1.85,3.9,3.1,1.55,1.9,0.4,1.897366596,7.85,65,6.4,0.36,14,5,0.33,69,190,0.002057172,0.002056996,0.002056996,329.0489478,109.7593272,403.084961,118.5400734
8,15,1.85,3.9,3.1,1.55,1.9,0.4,1.897366596,7.85,65,6.4,0.36,14,5,0.665,48,265,0.001841715,0.001841629,0.001841629,363.1400792,134.7442474,444.846597,145.5237872
8,15,1.85,3.9,3.1,1.55,1.9,0.4,1.138419958,7.85,30,6.4,0.36,14,3,0.665,69,135,0.000800539,0.000800596,0.000800596,321.1668777,96.71693129,393.4294252,104.4542858
8,15,1.85,3.9,3.1,1.55,1.6,0.4,1.897366596,7.85,65,6.4,0.36,14,5,0.665,69,195,0.001877439,0.001877551,0.001877551,328.936934,108.3882023,402.9477442,117.0592584
8,15,1.85,3.9,3.1,1.55,1.9,0.4,1.897366596,7.85,65,6.4,0.36,14,5,0.665,69,215,0.002130395,0.00213049,0.00213049,336.0071762,111.648315,411.6087909,120.5801802
8,15,1.85,3.9,3.1,1.55,1.9,0.4,1.897366596,7.85,65,6.4,0.36,14,5,0.665,69,210,0.002146814,0.002146317,0.002146317,318.9821076,106.7094371,390.7530818,115.2461921
8,15,1.85,3.9,3.1,1.55,2.2,0.4,1.897366596,7.85,65,6.4,0.36,14,5,0.665,69,235,0.002391376,0.002390699,0.002390699,327.4093958,109.7127376,401.0765099,118.4897566
8,15,1.85,3.9,3.1,1.55,1.9,0.4,1.897366596,7.85,65,6.4,0.36,14,5,0.665,90,185,0.002430441,0.002430195,0.002430195,309.3427068,95.61418464,378.9448158,103.2633194
8,15,1.85,3.9,3.1,1.55,1.9,0.4,1.897366596,7.85,65,6.4,0.36,14,5,1,69,225,0.002172244,0.002171787,0.002171787,327.4650234,109.2740638,401.1446537,118.0159889
8,15,1.85,3.9,5,1.55,1.9,0.4,1.897366596,7.85,65,6.4,0.36,14,5,0.665,69,215,0.002134015,0.002134013,0.002134013,315.85149,123.8785153,386.9180753,133.7887965
8,15,1.85,5.8,3.1,1.55,1.9,0.4,1.897366596,7.85,65,6.4,0.36,14,5,0.665,69,210,0.002141576,0.002142192,0.002142192,326.9406349,111.5233613,400.5022777,120.4452302
8,15,2.2,3.9,3.1,1.55,1.9,0.4,1.897366596,7.85,65,6.4,0.36,14,5,0.665,69,225,0.002208633,0.002208647,0.002208647,345.1427861,121.1078394,422.799913,130.7964666
8,20,1.85,3.9,3.1,1.55,1.9,0.4,1.897366596,7.85,65,6.4,0.36,14,5,0.665,69,210,0.002159742,0.00216011,0.00216011,433.9140936,126.8440779,531.5447647,136.9916041
8.847471654,12.88132086,1.70169246,3.094901928,2.294901928,1.55,2.027120748,0.4,1.732103587,8.697471654,79.83075395,6.4,0.328643549,16,5,0.523048498,77.89845237,245,0.003105874,0.003105579,0.003105579,307.1172497,95.89053045,376.2186309,103.5617729
8.847471654,12.88132086,1.70169246,3.094901928,2.294901928,1.55,1.772879252,0.4,1.38568287,8.697471654,50.16924605,6.4,0.328643549,16,4,0.806951502,60.10154763,180,0.001390948,0.001390865,0.001390865,303.3705556,93.12105793,371.6289307,100.5707426
8.847471654,12.88132086,1.70169246,3.094901928,2.294901928,1.55,2.027120748,0.4,1.650103684,8.697471654,50.16924605,6.4,0.391356451,13,4,0.523048498,60.10154763,185,0.001635093,0.001635057,0.001635057,297.5696012,90.48192538,364.5227615,97.72047941
8.847471654,12.88132086,1.70169246,3.094901928,3.905098072,1.55,2.027120748,0.4,1.38568287,8.697471654,50.16924605,6.4,0.328643549,16,4,0.523048498,60.10154763,205,0.001527917,0.001528081,0.001528081,305.5451795,117.9701895,374.2928449,127.4078046
8.847471654,12.88132086,1.70169246,3.094901928,3.905098072,1.55,1.772879252,0.4,1.732103587,8.697471654,79.83075395,6.4,0.328643549,16,5,0.806951502,77.89845237,250,0.002907786,0.002907406,0.002907406,287.4219638,111.6443784,352.0919056,120.5759287
8.847471654,12.88132086,1.70169246,3.094901928,3.905098072,1.55,1.772879252,0.4,1.650103684,8.697471654,50.16924605,6.4,0.391356451,13,4,0.806951502,60.10154763,190,0.001480806,0.001480791,0.001480791,295.6217092,110.5980249,362.1365938,119.4458669
8.847471654,12.88132086,1.70169246,4.705098072,2.294901928,1.55,1.772879252,0.4,1.38568287,8.697471654,50.16924605,6.4,0.328643549,16,4,0.523048498,60.10154763,175,0.001362688,0.001362638,0.001362638,309.2092518,97.06253561,378.7813334,104.8275385
8.847471654,12.88132086,1.70169246,4.705098072,2.294901928,1.55,2.027120748,0.4,1.732103587,8.697471654,79.83075395,6.4,0.328643549,16,5,0.806951502,77.89845237,260,0.003180014,0.003179654,0.003179654,298.0794507,96.36427675,365.1473271,104.0734189
8.847471654,12.88132086,1.70169246,4.705098072,2.294901928,1.55,2.027120748,0.4,1.650103684,8.697471654,50.16924605,6.4,0.391356451,13,4,0.806951502,60.10154763,195,0.001661147,0.001661385,0.001661385,301.7912831,93.89510133,369.6943218,101.4067094
8.847471654,12.88132086,1.70169246,4.705098072,3.905098072,1.55,1.772879252,0.4,1.732103587,8.697471654,79.83075395,6.4,0.328643549,16,5,0.523048498,77.89845237,235,0.002833666,0.00283349,0.00283349,294.4482836,117.7784381,360.6991474,127.2007132
8.847471654,12.88132086,1.70169246,4.705098072,3.905098072,1.55,2.027120748,0.4,1.38568287,8.697471654,50.16924605,6.4,0.328643549,16,4,0.806951502,60.10154763,210,0.001563233,0.001563355,0.001563355,297.1769135,118.6357892,364.041719,128.1266523
8.847471654,12.88132086,1.70169246,4.705098072,3.905098072,1.55,1.772879252,0.4,1.650103684,8.697471654,50.16924605,6.4,0.391356451,13,4,0.523048498,60.10154763,175,0.001454536,0.001454556,0.001454556,289.4076499,111.8239139,354.5243711,120.7698271
8.847471654,12.88132086,1.99830754,3.094901928,2.294901928,1.55,1.772879252,0.4,1.732103587,8.697471654,79.83075395,6.4,0.328643549,16,5,0.523048498,60.10154763,270,0.002575265,0.002575323,0.002575323,332.9845715,116.6302747,407.9061001,125.9606967
8.847471654,12.88132086,1.99830754,3.094901928,2.294901928,1.55,2.027120748,0.4,1.38568287,8.697471654,50.16924605,6.4,0.328643549,16,4,0.806951502,77.89845237,180,0.001776079,0.001775498,0.001775498,306.1573602,90.74660023,375.0427662,98.00632825
8.847471654,12.88132086,1.99830754,3.094901928,2.294901928,1.55,1.772879252,0.4,1.650103684,8.697471654,50.16924605,6.4,0.391356451,13,4,0.523048498,77.89845237,155,0.00169143,0.00169118,0.00169118,302.0535336,87.60891792,370.0155787,94.61763135
8.847471654,12.88132086,1.99830754,3.094901928,3.905098072,1.55,1.772879252,0.4,1.38568287,8.697471654,50.16924605,6.4,0.328643549,16,4,0.523048498,77.89845237,165,0.00156029,0.001560306,0.001560306,285.225105,104.3324808,349.4007536,112.6790793
8.847471654,12.88132086,1.99830754,3.094901928,3.905098072,1.55,2.027120748,0.4,1.732103587,8.697471654,79.83075395,6.4,0.328643549,16,5,0.806951502,60.10154763,320,0.002901352,0.002900557,0.002900557,338.344793,148.0784656,414.4723715,159.9247428
8.847471654,12.88132086,1.99830754,3.094901928,3.905098072,1.55,2.027120748,0.4,1.650103684,8.697471654,50.16924605,6.4,0.391356451,13,4,0.806951502,77.89845237,185,0.00191751,0.001917078,0.001917078,274.4078986,100.1474484,336.1496758,108.1592442
8.847471654,12.88132086,1.99830754,4.705098072,2.294901928,1.55,2.027120748,0.4,1.38568287,8.697471654,50.16924605,6.4,0.328643549,16,4,0.523048498,77.89845237,170,0.001753457,0.001753724,0.001753724,295.7543953,91.09156035,362.2991342,98.37888518
8.847471654,12.88132086,1.99830754,4.705098072,2.294901928,1.55,1.772879252,0.4,1.732103587,8.697471654,79.83075395,6.4,0.328643549,16,5,0.806951502,60.10154763,290,0.002619751,0.002619455,0.002619455,339.2175709,121.7403542,415.5415244,131.4795825
8.847471654,12.88132086,1.99830754,4.705098072,2.294901928,1.55,1.772879252,0.4,1.650103684,8.697471654,50.16924605,6.4,0.391356451,13,4,0.806951502,77.89845237,170,0.001731506,0.001731568,0.001731568,290.6514443,87.51198796,356.0480193,94.51294699
8.847471654,12.88132086,1.99830754,4.705098072,3.905098072,1.55,2.027120748,0.4,1.732103587,8.697471654,79.83075395,6.4,0.328643549,16,5,0.523048498,60.10154763,300,0.002851862,0.002851907,0.002851907,330.1324741,149.7191101,404.4122807,161.6966389
8.847471654,12.88132086,1.99830754,4.705098072,3.905098072,1.55,1.772879252,0.4,1.38568287,8.697471654,50.16924605,6.4,0.328643549,16,4,0.806951502,77.89845237,180,0.001579316,0.001579241,0.001579241,292.9841695,110.4688116,358.9056076,119.3063165
8.847471654,12.88132086,1.99830754,4.705098072,3.905098072,1.55,2.027120748,0.4,1.650103684,8.697471654,50.16924605,6.4,0.391356451,13,4,0.523048498,77.89845237,175,0.001867552,0.001867446,0.001867446,281.2206623,105.626053,344.4953113,114.0761372
8.847471654,17.11867914,1.70169246,3.094901928,2.294901928,1.55,1.772879252,0.4,1.732103587,8.697471654,79.83075395,6.4,0.328643549,16,5,0.523048498,60.10154763,260,0.002512402,0.002512418,0.002512418,409.9853112,122.1570747,502.2320063,131.9296406
8.847471654,17.11867914,1.70169246,3.094901928,2.294901928,1.55,2.027120748,0.4,1.38568287,8.697471654,50.16924605,6.4,0.328643549,16,4,0.806951502,77.89845237,170,0.001744193,0.001743653,0.001743653,371.4771519,95.98690264,455.0595111,103.6658549
8.847471654,17.11867914,1.70169246,3.094901928,2.294901928,1.55,1.772879252,0.4,1.650103684,8.697471654,50.16924605,6.4,0.391356451,13,4,0.523048498,77.89845237,145,0.001665147,0.001664985,0.001664985,368.5278106,93.56583029,451.446568,101.0510967
8.847471654,17.11867914,1.70169246,3.094901928,3.905098072,1.55,1.772879252,0.4,1.38568287,8.697471654,50.16924605,6.4,0.328643549,16,4,0.523048498,77.89845237,155,0.001529228,0.001529166,0.001529166,352.2871702,109.4653495,431.5517835,118.2225774
8.847471654,17.11867914,1.70169246,3.094901928,3.905098072,1.55,2.027120748,0.4,1.732103587,8.697471654,79.83075395,6.4,0.328643549,16,5,0.806951502,60.10154763,300,0.002846048,0.002845478,0.002845478,379.7620347,141.2178854,465.2084925,152.5153162
8.847471654,17.11867914,1.70169246,3.094901928,3.905098072,1.55,2.027120748,0.4,1.650103684,8.697471654,50.16924605,6.4,0.391356451,13,4,0.806951502,77.89845237,175,0.001875906,0.001875561,0.001875561,341.6703941,105.2520278,418.5462328,113.6721901
8.847471654,17.11867914,1.70169246,4.705098072,2.294901928,1.55,2.027120748,0.4,1.38568287,8.697471654,50.16924605,6.4,0.328643549,16,4,0.523048498,77.89845237,160,0.001716499,0.001716643,0.001716643,376.1907104,98.98723521,460.8336203,106.906214
8.847471654,17.11867914,1.70169246,4.705098072,2.294901928,1.55,1.772879252,0.4,1.732103587,8.697471654,79.83075395,6.4,0.328643549,16,5,0.806951502,60.10154763,275,0.002572326,0.002572259,0.002572259,399.2607752,122.0606446,489.0944496,131.8254962
8.847471654,17.11867914,1.70169246,4.705098072,2.294901928,1.55,1.772879252,0.4,1.650103684,8.697471654,50.16924605,6.4,0.391356451,13,4,0.806951502,77.89845237,160,0.001695012,0.001694983,0.001694983,372.2052795,96.27876007,455.9514674,103.9810609
8.847471654,17.11867914,1.70169246,4.705098072,3.905098072,1.55,2.027120748,0.4,1.732103587,8.697471654,79.83075395,6.4,0.328643549,16,5,0.523048498,60.10154763,285,0.002781917,0.002782375,0.002782375,389.1498707,149.659994,476.7085916,161.6327935
8.847471654,17.11867914,1.70169246,4.705098072,3.905098072,1.55,1.772879252,0.4,1.38568287,8.697471654,50.16924605,6.4,0.328643549,16,4,0.806951502,77.89845237,160,0.001562066,0.001561767,0.001561767,341.582105,109.2162069,418.4380787,117.9535035
8.847471654,17.11867914,1.70169246,4.705098072,3.905098072,1.55,2.027120748,0.4,1.650103684,8.697471654,50.16924605,6.4,0.391356451,13,4,0.523048498,77.89845237,165,0.00184724,0.001847409,0.001847409,332.0334255,105.3920955,406.7409462,113.8234631
8.847471654,17.11867914,1.99830754,3.094901928,2.294901928,1.55,2.027120748,0.4,1.732103587,8.697471654,79.83075395,6.4,0.328643549,16,5,0.523048498,77.89845237,255,0.003231142,0.00323024,0.00323024,401.9123418,118.0986973,492.3426187,127.5465931
8.847471654,17.11867914,1.99830754,3.094901928,2.294901928,1.55,1.772879252,0.4,1.38568287,8.697471654,50.16924605,6.4,0.328643549,16,4,0.806951502,60.10154763,200,0.001439884,0.001439801,0.001439801,415.1446578,117.995179,508.5522058,127.4347933
8.847471654,17.11867914,1.99830754,3.094901928,2.294901928,1.55,2.027120748,0.4,1.650103684,8.697471654,50.16924605,6.4,0.391356451,13,4,0.523048498,60.10154763,195,0.001695888,0.001695339,0.001695339,409.0834445,115.9128352,501.1272195,125.185862
8.847471654,17.11867914,1.99830754,3.094901928,3.905098072,1.55,2.027120748,0.4,1.38568287,8.697471654,50.16924605,6.4,0.328643549,16,4,0.523048498,60.10154763,215,0.00159368,0.001593107,0.001593107,383.5539727,136.8162575,469.8536165,147.7615581
8.847471654,17.11867914,1.99830754,3.094901928,3.905098072,1.55,1.772879252,0.4,1.732103587,8.697471654,79.83075395,6.4,0.328643549,16,5,0.806951502,77.89845237,265,0.002995953,0.002995671,0.002995671,381.3136558,135.9545873,467.1092283,146.8309543
8.847471654,17.11867914,1.99830754,3.094901928,3.905098072,1.55,1.772879252,0.4,1.650103684,8.697471654,50.16924605,6.4,0.391356451,13,4,0.806951502,60.10154763,200,0.001542005,0.001541846,0.001541846,373.8358845,129.280039,457.9489585,139.6224422
8.847471654,17.11867914,1.99830754,4.705098072,2.294901928,1.55,1.772879252,0.4,1.38568287,8.697471654,50.16924605,6.4,0.328643549,16,4,0.523048498,60.10154763,190,0.001419815,0.001420328,0.001420328,404.4576238,118.0127157,495.4605892,127.4537329
8.847471654,17.11867914,1.99830754,4.705098072,2.294901928,1.55,2.027120748,0.4,1.732103587,8.697471654,79.83075395,6.4,0.328643549,16,5,0.806951502,77.89845237,275,0.003293987,0.003294293,0.003294293,406.4743951,121.6692535,497.931134,131.4027938
8.847471654,17.11867914,1.99830754,4.705098072,2.294901928,1.55,2.027120748,0.4,1.650103684,8.697471654,50.16924605,6.4,0.391356451,13,4,0.806951502,60.10154763,205,0.001735883,0.001735649,0.001735649,396.1594268,115.4088001,485.2952979,124.6415041
8.847471654,17.11867914,1.99830754,4.705098072,3.905098072,1.55,1.772879252,0.4,1.732103587,8.697471654,79.83075395,6.4,0.328643549,16,5,0.523048498,77.89845237,245,0.002942066,0.002941865,0.002941865,371.0302448,137.3906411,454.5120499,148.3818924
8.847471654,17.11867914,1.99830754,4.705098072,3.905098072,1.55,2.027120748,0.4,1.38568287,8.697471654,50.16924605,6.4,0.328643549,16,4,0.806951502,60.10154763,230,0.001615713,0.001615491,0.001615491,393.0967384,145.9532146,481.5435046,157.6294718
8.847471654,17.11867914,1.99830754,4.705098072,3.905098072,1.55,1.772879252,0.4,1.650103684,8.697471654,50.16924605,6.4,0.391356451,13,4,0.523048498,60.10154763,195,0.00149618,0.001496085,0.001496085,384.9799054,137.7002097,471.6003842,148.7162265
10,15,1.85,3.9,3.1,1.55,1.9,0.4,1.897366596,9.85,65,6.4,0.36,14,5,0.665,69,240,0.002443193,0.002443085,0.002443085,344.4426814,124.7285771,421.9422847,134.7068633
